Metric,Value,Key Insight
Average Weekly Online Shopping Time,62 minutes,Consumers spend ~54 hours annually shopping online
Peak Online Shopping Hours,1-2 PM,Lunchtime browsing dominates during workdays
Cart Abandonment Rate (General),70-75%,Nearly 3 out of 4 carts are abandoned
Cart Abandonment Rate (Luxury/Formalwear),81%,Formalwear has highest abandonment rates
Optimal Browsing Duration,5-15 minutes,Sweet spot for purchase likelihood 70-80%
Critical Decision Fatigue Point,25-30 minutes,Abandonment rate jumps to 52% after this point
Severe Abandonment Threshold,45+ minutes,Abandonment rate exceeds 65% beyond this threshold
Optimal Product Options,9-12 options,Peak conversion rate of 45% achieved
Choice Overload Threshold,24+ options,Severe choice paralysis sets in
Decision Time Increase (3 vs 60 options),340% increase,Decision complexity scales dramatically
Optimal Personalized Recommendations,4-5 items,Maximum effectiveness of 85% achieved
Personalized vs Generic Advantage,15-20% higher,Personalization significantly outperforms generic
Cognitive Overload Point,7-9 options,Shoppers experience measurable fatigue
Optimal Recovery Break Duration,15 minutes,Peak decision quality restoration point
Decision Quality Improvement,82% quality score,Substantial cognitive performance recovery
Time to Abandonment Email,1 hour,Optimal first recovery email timing
Shipping Expectation (Standard),2-3 days,Consumer delivery expectations baseline
Mobile Shopping Growth,52% increase,Post-pandemic behavioral shift acceleration
