Attachment_Trigger,Emotional_Impact_Score,Loyalty_Conversion_Rate,Retention_Strength,Brand_Advocacy_Score,Trigger_Type
Perfect Fit Experience,9.2,78,8.9,8.5,Experiential
Exceptional Service,8.8,74,8.7,8.9,Service
Brand Heritage Story,7.9,62,7.2,7.8,Narrative
Quality Craftsmanship,8.6,71,8.4,8.2,Product
Personal Styling,8.4,68,8.1,7.9,Service
Exclusive Access,8.1,65,7.8,7.6,Exclusivity
Community Belonging,7.6,58,7.4,8.1,Social
Self-Expression Alignment,8.9,76,8.6,8.4,Identity
Success Association,8.3,69,8.0,8.0,Status
Milestone Celebration,8.7,73,8.3,8.6,Emotional
Problem Resolution,8.5,72,8.2,8.3,Service
Value Recognition,7.8,61,7.5,7.4,Appreciation
