Question_Theme,Search_Volume_2023,Search_Volume_2024,Growth_Rate,Peak_Season,Customer_Segment
Suit Fit & Sizing,145000,162000,11.7,Year-round,All customers
Tuxedo vs Suit Differences,89000,97000,9.0,Wedding season,First-time buyers
Wedding Attire Guidelines,132000,149000,12.9,Wedding season,Grooms & wedding parties
Fabric Selection Advice,67000,73000,9.0,Fall/Winter,Quality-conscious
Color Matching & Coordination,78000,86000,10.3,Wedding season,Style-conscious
Rental vs Purchase,94000,108000,14.9,Prom/Wedding season,Budget-conscious
Alterations & Tailoring,82000,91000,11.0,Pre-event,Perfect-fit seekers
Formal Dress Codes,71000,79000,11.3,Event season,Formal event attendees
Accessories & Styling,58000,67000,15.5,Year-round,Style enthusiasts
Seasonal Appropriateness,43000,52000,20.9,Seasonal transitions,Climate-aware
Body Type Recommendations,61000,69000,13.1,Year-round,Body-conscious
Care & Maintenance,39000,44000,12.8,Post-event,Long-term owners
