Specific_Question,Monthly_Searches_2024,Intent_Type,Conversion_Potential,Content_Gap_Score
How should a suit fit?,89400,Educational,8.2,6.8
What's the difference between a tuxedo and suit?,67200,Comparison,7.8,7.9
What to wear to a black tie wedding?,54800,Specific guidance,9.1,8.4
Can I wear a navy suit to a wedding?,49300,Appropriateness,8.7,7.2
How far in advance should I rent a tuxedo?,43700,Planning,8.9,8.7
What fabric is best for formal wear?,38900,Product selection,7.5,7.6
Can I wear a suit without a tie?,34500,Style flexibility,6.8,5.9
How much do suit alterations cost?,31200,Cost planning,6.2,6.4
What colors go with a charcoal suit?,28600,Styling advice,7.3,6.7
Should I buy or rent formal wear?,26800,Purchase decision,9.3,8.1
How to choose the right suit for my body type?,24300,Personalization,8.0,7.8
What shoes go with a tuxedo?,21900,Accessory matching,7.1,6.9
