Word/Phrase,Emotional_Category,Purchase_Likelihood_Increase,Psychological_Trigger,Emotional_Intensity
Confidence,Self-Assurance,23,Self-Efficacy,8.5
Sharp,Visual Impact,18,Visual Dominance,7.2
Sophisticated,Intelligence/Culture,21,Social Status,8.1
Elegant,Refinement,19,Cultural Capital,7.8
Refined,Quality,17,Quality Assurance,7.3
Distinguished,Status,20,Social Hierarchy,7.9
Professional,Career Success,16,Professional Identity,6.8
Power,Personal Power,22,Personal Agency,8.7
Authority,Respect,19,Social Recognition,7.6
Executive,Leadership,18,Authority Display,7.4
Premium,Exclusivity,25,Scarcity Value,8.9
Luxury,Prestige,24,Status Symbol,8.6
Tailored,Personalization,20,Individual Expression,7.8
Bespoke,Exclusivity,28,Exclusivity Need,9.1
Custom,Uniqueness,26,Uniqueness Drive,8.8
Perfect Fit,Comfort,22,Physical Comfort,8.2
Impeccable,Perfection,19,Perfectionism,7.5
Flawless,Perfection,18,Quality Obsession,7.3
Timeless,Permanence,15,Stability Desire,6.9
Classic,Tradition,14,Tradition Respect,6.7
Heritage,Legacy,16,Legacy Building,7.1
Craftsmanship,Quality,21,Craftsmanship Value,8.0
Artisan,Artistry,19,Artistic Appreciation,7.7
Masterpiece,Excellence,17,Excellence Pursuit,7.4
Success,Achievement,20,Achievement Motivation,7.9
Achievement,Accomplishment,18,Goal Attainment,7.2
Leadership,Influence,19,Influence Desire,7.6
Commanding,Dominance,21,Control Need,8.3
Impressive,Memorability,17,Recognition Seeking,7.0
Striking,Boldness,16,Impact Making,6.9
